<?xml version="1.0" encoding="utf-8"?>
<prefix name="hotphoto" label="Hot Or Not" language_tag="en" language_label="English"><key name="error_photo_not_installed"><value>Plugin &lt;i&gt;Hot Or Not&lt;/i&gt; needs plugin &lt;i&gt;"Photo"&lt;/i&gt; that was deactivated or not installed.</value></key><key name="hotphoto"><value>Hot Or Not</value></key><key name="next"><value>Next</value></key><key name="no_photos"><value>Looks like you've rated all photos. Come later to rate fresh ones!</value></key><key name="rate_photo"><value>Is this photo hot?</value></key><key name="select_sex"><value>Show me:</value></key><key name="service_not_available"><value>Hot Or Not service temporarily unavailable</value></key><key name="sex_all"><value>All</value></key></prefix>
